{"cameraMode":{"drawMode":0,"name":"Shaded","section":"Shading Mode"},"sceneLighting":false,"audioPlay":false,"sceneViewState":{"m_AlwaysRefresh":false,"showFog":true,"showSkybox":false,"showFlares":true,"showImageEffects":true,"showParticleSystems":true,"showVisualEffectGraphs":true,"m_FxEnabled":true},"in2DMode":false,"pivot":{"x":-0.21294879913330079,"y":-0.5801705718040466,"z":-1.8566502332687379},"rotation":{"x":0.17164072394371034,"y":0.006795360706746578,"z":-0.0011864787666127086,"w":0.985129714012146},"size":7.077969074249268,"orthographic":false}