{"cameraMode":{"drawMode":0,"name":"Shaded","section":"Shading Mode"},"sceneLighting":true,"audioPlay":false,"sceneViewState":{"m_AlwaysRefresh":false,"showFog":true,"showSkybox":true,"showFlares":true,"showImageEffects":true,"showParticleSystems":true,"showVisualEffectGraphs":true,"m_FxEnabled":true},"in2DMode":false,"pivot":{"x":-4.170326232910156,"y":23.657644271850587,"z":28.84018898010254},"rotation":{"x":0.6521247625350952,"y":0.004548605997115374,"z":-0.003912801388651133,"w":0.7580893039703369},"size":73.66944122314453,"orthographic":true}