{"cameraMode":{"drawMode":0,"name":"Shaded","section":"Shading Mode"},"sceneLighting":true,"audioPlay":false,"sceneViewState":{"m_AlwaysRefresh":false,"showFog":true,"showSkybox":true,"showFlares":true,"showImageEffects":true,"showParticleSystems":true,"showVisualEffectGraphs":true,"m_FxEnabled":true},"in2DMode":false,"pivot":{"x":49.72739028930664,"y":23.20757293701172,"z":-0.07419586181640625},"rotation":{"x":0.5128434896469116,"y":0.004630707670003176,"z":-0.0027754385955631735,"w":0.858467698097229},"size":47.6305046081543,"orthographic":false}