{"cameraMode":{"drawMode":0,"name":"Shaded","section":"Shading Mode"},"sceneLighting":true,"audioPlay":false,"sceneViewState":{"m_AlwaysRefresh":false,"showFog":true,"showSkybox":true,"showFlares":true,"showImageEffects":true,"showParticleSystems":true,"showVisualEffectGraphs":true,"m_FxEnabled":true},"in2DMode":false,"pivot":{"x":16.743497848510743,"y":29.41995620727539,"z":11.478004455566407},"rotation":{"x":0.6342164874076843,"y":0.0030136650893837215,"z":-0.0024726418778300287,"w":0.7731456160545349},"size":14.2210054397583,"orthographic":false}