{"cameraMode":{"drawMode":0,"name":"Shaded","section":"Shading Mode"},"sceneLighting":true,"audioPlay":false,"sceneViewState":{"m_AlwaysRefresh":false,"showFog":true,"showSkybox":true,"showFlares":true,"showImageEffects":true,"showParticleSystems":true,"showVisualEffectGraphs":true,"m_FxEnabled":true},"in2DMode":false,"pivot":{"x":14.215394020080567,"y":8.08255386352539,"z":9.288087844848633},"rotation":{"x":0.45776769518852236,"y":0.004791473038494587,"z":-0.0024862047284841539,"w":0.8890359997749329},"size":21.86208152770996,"orthographic":false}